Transformação,Ferramenta,Dataset,Execução,Tempo de Leitura CSV,Tempo de Inicialização Spark,Tempo de Resposta,Tempo Total,Tempo de CPU,Uso de Memória
cast,Pandas,covid_2020_2021_200.csv,1,3.3666 s,,2.0238 s,5.3904 s,2.0156 s,838.53 MB
cast,Pandas,covid_2020_2021_200.csv,2,3.3528 s,,1.8447 s,5.1975 s,1.8438 s,838.54 MB
cast,Pandas,covid_2020_2021_200.csv,3,2.9453 s,,2.0503 s,4.9956 s,2.0625 s,838.55 MB
cast,Pandas,covid_2020_2021_200.csv,4,3.0542 s,,2.119 s,5.1732 s,2.0781 s,838.53 MB
cast,Pandas,covid_2020_2021_200.csv,5,3.2182 s,,2.5018 s,5.72 s,2.4375 s,838.52 MB
cast,Pandas,covid_2020_2021_600.csv,1,11.5706 s,,2.3614 s,13.932 s,2.3281 s,1398.12 MB
cast,Pandas,covid_2020_2021_600.csv,2,10.9157 s,,2.4369 s,13.3526 s,2.4375 s,1397.17 MB
cast,Pandas,covid_2020_2021_600.csv,3,10.972 s,,2.7264 s,13.6984 s,2.7188 s,1397.17 MB
cast,Pandas,covid_2020_2021_600.csv,4,10.9899 s,,2.3978 s,13.3877 s,2.3438 s,1398.24 MB
cast,Pandas,covid_2020_2021_600.csv,5,11.3053 s,,2.4077 s,13.713 s,2.3594 s,1398.25 MB
cast,Pandas,covid_2020_2021_1800.csv,1,37.8674 s,,2.4304 s,40.2978 s,2.3594 s,2633.73 MB
cast,Pandas,covid_2020_2021_1800.csv,2,37.2005 s,,2.4447 s,39.6452 s,2.4219 s,2634.41 MB
cast,Pandas,covid_2020_2021_1800.csv,3,37.2662 s,,2.2565 s,39.5227 s,2.2344 s,2634.44 MB
cast,Pandas,covid_2020_2021_1800.csv,4,37.9035 s,,2.4405 s,40.344 s,2.3906 s,2634.55 MB
cast,Pandas,covid_2020_2021_1800.csv,5,40.5102 s,,2.4253 s,42.9355 s,2.4219 s,2634.79 MB
cast,Pandas,Covid19Casos.csv,1,137.7534 s,,12.9828 s,150.7362 s,12.5625 s,7387.68 MB
cast,Pandas,Covid19Casos.csv,2,186.0263 s,,23.8977 s,209.924 s,19.6406 s,3706.11 MB
cast,Pandas,Covid19Casos.csv,3,212.1069 s,,24.8846 s,236.9915 s,19.6094 s,2221.86 MB
cast,Pandas,Covid19Casos.csv,4,144.2004 s,,12.7161 s,156.9165 s,12.1719 s,4517.02 MB
cast,Pandas,Covid19Casos.csv,5,157.484 s,,13.0363 s,170.5203 s,12.6094 s,5009.92 MB
cast,Spark,covid_2020_2021_200.csv,1,25.5348 s,8.1613 s,0.2179 s,33.914 s,0.0 s,5017.8 MB
cast,Spark,covid_2020_2021_200.csv,2,15.2453 s,8.1613 s,0.0708 s,23.4774 s,0.0312 s,5017.8 MB
cast,Spark,covid_2020_2021_200.csv,3,13.8242 s,8.1613 s,0.0603 s,22.0458 s,0.0312 s,5017.81 MB
cast,Spark,covid_2020_2021_200.csv,4,15.3382 s,8.1613 s,0.0574 s,23.5569 s,0.0 s,4396.34 MB
cast,Spark,covid_2020_2021_200.csv,5,13.7452 s,8.1613 s,0.0558 s,21.9623 s,0.0156 s,4396.34 MB
cast,Spark,covid_2020_2021_600.csv,1,32.7672 s,8.1613 s,0.0674 s,40.9959 s,0.0625 s,4396.36 MB
cast,Spark,covid_2020_2021_600.csv,2,30.5723 s,8.1613 s,0.0634 s,38.797 s,0.0312 s,4396.36 MB
cast,Spark,covid_2020_2021_600.csv,3,29.9252 s,8.1613 s,0.0586 s,38.1451 s,0.0312 s,4396.46 MB
cast,Spark,covid_2020_2021_600.csv,4,28.4321 s,8.1613 s,0.0547 s,36.6481 s,0.0156 s,4396.46 MB
cast,Spark,covid_2020_2021_600.csv,5,29.4613 s,8.1613 s,0.0559 s,37.6785 s,0.0625 s,4396.45 MB
cast,Spark,covid_2020_2021_1800.csv,1,70.9363 s,8.1613 s,0.0624 s,79.16 s,0.0156 s,4012.5 MB
cast,Spark,covid_2020_2021_1800.csv,2,65.8666 s,8.1613 s,0.0522 s,74.0801 s,0.0156 s,3294.39 MB
cast,Spark,covid_2020_2021_1800.csv,3,66.9941 s,8.1613 s,0.05 s,75.2054 s,0.0 s,3294.67 MB
cast,Spark,covid_2020_2021_1800.csv,4,65.0778 s,8.1613 s,0.0537 s,73.2928 s,0.0469 s,3294.67 MB
cast,Spark,covid_2020_2021_1800.csv,5,66.4191 s,8.1613 s,0.0485 s,74.6289 s,0.0156 s,3294.68 MB
cast,Spark,Covid19Casos.csv,1,235.3936 s,8.1613 s,0.0626 s,243.6175 s,0.0625 s,2099.82 MB
cast,Spark,Covid19Casos.csv,2,237.6817 s,8.1613 s,0.0563 s,245.8993 s,0.0156 s,1851.05 MB
cast,Spark,Covid19Casos.csv,3,239.9775 s,8.1613 s,0.0566 s,248.1954 s,0.0 s,1851.07 MB
cast,Spark,Covid19Casos.csv,4,234.0343 s,8.1613 s,0.0554 s,242.251 s,0.0312 s,1251.47 MB
cast,Spark,Covid19Casos.csv,5,248.86 s,8.1613 s,0.0598 s,257.0811 s,0.0469 s,517.98 MB
count_rows,Pandas,covid_2020_2021_200.csv,1,5.0526 s,,0.001 s,5.0536 s,0.0 s,331.42 MB
count_rows,Pandas,covid_2020_2021_200.csv,2,5.6156 s,,0.001 s,5.6166 s,0.0 s,330.59 MB
count_rows,Pandas,covid_2020_2021_200.csv,3,5.3271 s,,0.001 s,5.3281 s,0.0 s,331.18 MB
count_rows,Pandas,covid_2020_2021_200.csv,4,5.3218 s,,0.001 s,5.3228 s,0.0 s,326.73 MB
count_rows,Pandas,covid_2020_2021_200.csv,5,4.8777 s,,0.0 s,4.8777 s,0.0 s,331.44 MB
count_rows,Pandas,covid_2020_2021_600.csv,1,14.9534 s,,0.0011 s,14.9545 s,0.0 s,885.77 MB
count_rows,Pandas,covid_2020_2021_600.csv,2,17.0788 s,,0.0 s,17.0788 s,0.0 s,886.91 MB
count_rows,Pandas,covid_2020_2021_600.csv,3,16.5901 s,,0.0 s,16.5901 s,0.0 s,886.92 MB
count_rows,Pandas,covid_2020_2021_600.csv,4,16.9306 s,,0.001 s,16.9316 s,0.0 s,887.07 MB
count_rows,Pandas,covid_2020_2021_600.csv,5,16.7991 s,,0.0011 s,16.8002 s,0.0 s,887.07 MB
count_rows,Pandas,covid_2020_2021_1800.csv,1,54.2065 s,,0.0 s,54.2065 s,0.0 s,2124.56 MB
count_rows,Pandas,covid_2020_2021_1800.csv,2,57.5719 s,,0.0 s,57.5719 s,0.0 s,2146.68 MB
count_rows,Pandas,covid_2020_2021_1800.csv,3,57.1666 s,,0.0 s,57.1666 s,0.0 s,2146.64 MB
count_rows,Pandas,covid_2020_2021_1800.csv,4,56.3282 s,,0.0 s,56.3282 s,0.0 s,2147.09 MB
count_rows,Pandas,covid_2020_2021_1800.csv,5,57.1196 s,,0.0 s,57.1196 s,0.0 s,2146.94 MB
count_rows,Pandas,Covid19Casos.csv,1,164.739 s,,0.002 s,164.741 s,0.0 s,5907.68 MB
count_rows,Pandas,Covid19Casos.csv,2,171.2554 s,,0.002 s,171.2574 s,0.0 s,5915.64 MB
count_rows,Pandas,Covid19Casos.csv,3,168.3198 s,,0.0029 s,168.3227 s,0.0 s,5916.85 MB
count_rows,Pandas,Covid19Casos.csv,4,165.6192 s,,0.0 s,165.6192 s,0.0 s,5918.17 MB
count_rows,Pandas,Covid19Casos.csv,5,166.8482 s,,0.001 s,166.8492 s,0.0 s,5915.21 MB
count_rows,Spark,covid_2020_2021_200.csv,1,18.6844 s,12.151 s,0.3447 s,31.1801 s,0.0 s,5922.45 MB
count_rows,Spark,covid_2020_2021_200.csv,2,10.2618 s,12.151 s,0.2705 s,22.6833 s,0.0 s,5922.46 MB
count_rows,Spark,covid_2020_2021_200.csv,3,9.3806 s,12.151 s,0.2436 s,21.7752 s,0.0 s,5922.46 MB
count_rows,Spark,covid_2020_2021_200.csv,4,9.6768 s,12.151 s,0.255 s,22.0828 s,0.0 s,5922.46 MB
count_rows,Spark,covid_2020_2021_200.csv,5,9.6303 s,12.151 s,0.216 s,21.9973 s,0.0 s,5922.46 MB
count_rows,Spark,covid_2020_2021_600.csv,1,22.6841 s,12.151 s,0.2213 s,35.0564 s,0.0 s,5922.46 MB
count_rows,Spark,covid_2020_2021_600.csv,2,21.3796 s,12.151 s,0.257 s,33.7876 s,0.0 s,5922.46 MB
count_rows,Spark,covid_2020_2021_600.csv,3,20.7576 s,12.151 s,0.2311 s,33.1397 s,0.0 s,5922.46 MB
count_rows,Spark,covid_2020_2021_600.csv,4,20.6753 s,12.151 s,0.2065 s,33.0328 s,0.0 s,5922.46 MB
count_rows,Spark,covid_2020_2021_600.csv,5,21.4751 s,12.151 s,0.1899 s,33.816 s,0.0 s,5922.46 MB
count_rows,Spark,covid_2020_2021_1800.csv,1,54.7434 s,12.151 s,0.3329 s,67.2273 s,0.0 s,5922.46 MB
count_rows,Spark,covid_2020_2021_1800.csv,2,58.3968 s,12.151 s,0.312 s,70.8598 s,0.0 s,5922.45 MB
count_rows,Spark,covid_2020_2021_1800.csv,3,65.8778 s,12.151 s,0.3095 s,78.3383 s,0.0 s,5922.45 MB
count_rows,Spark,covid_2020_2021_1800.csv,4,63.7198 s,12.151 s,0.3022 s,76.173 s,0.0 s,5907.74 MB
count_rows,Spark,covid_2020_2021_1800.csv,5,61.4988 s,12.151 s,0.3494 s,73.9992 s,0.0156 s,5876.13 MB
count_rows,Spark,Covid19Casos.csv,1,228.7863 s,12.151 s,1.3531 s,242.2904 s,0.0 s,5306.61 MB
count_rows,Spark,Covid19Casos.csv,2,238.8268 s,12.151 s,1.3679 s,252.3457 s,0.0 s,3992.31 MB
count_rows,Spark,Covid19Casos.csv,3,235.9555 s,12.151 s,1.5166 s,249.6231 s,0.0 s,3582.77 MB
count_rows,Spark,Covid19Casos.csv,4,236.1583 s,12.151 s,1.3977 s,249.707 s,0.0 s,3231.6 MB
count_rows,Spark,Covid19Casos.csv,5,237.2893 s,12.151 s,1.462 s,250.9023 s,0.0 s,3231.6 MB
create_drop,Pandas,covid_2020_2021_200.csv,1,4.2517 s,,0.0499 s,4.3016 s,0.0312 s,327.26 MB
create_drop,Pandas,covid_2020_2021_200.csv,2,5.0643 s,,0.0636 s,5.1279 s,0.0625 s,327.34 MB
create_drop,Pandas,covid_2020_2021_200.csv,3,5.2901 s,,0.0511 s,5.3412 s,0.0469 s,349.21 MB
create_drop,Pandas,covid_2020_2021_200.csv,4,4.0128 s,,0.0485 s,4.0613 s,0.0469 s,332.66 MB
create_drop,Pandas,covid_2020_2021_200.csv,5,4.7933 s,,0.0791 s,4.8724 s,0.0781 s,327.3 MB
create_drop,Pandas,covid_2020_2021_600.csv,1,14.0813 s,,0.039 s,14.1203 s,0.0312 s,886.18 MB
create_drop,Pandas,covid_2020_2021_600.csv,2,11.5017 s,,0.035 s,11.5367 s,0.0312 s,887.41 MB
create_drop,Pandas,covid_2020_2021_600.csv,3,11.9386 s,,0.0452 s,11.9838 s,0.0469 s,887.45 MB
create_drop,Pandas,covid_2020_2021_600.csv,4,12.3666 s,,0.0465 s,12.4131 s,0.0469 s,887.45 MB
create_drop,Pandas,covid_2020_2021_600.csv,5,11.9973 s,,0.0458 s,12.0431 s,0.0469 s,887.46 MB
create_drop,Pandas,covid_2020_2021_1800.csv,1,39.2794 s,,0.0565 s,39.3359 s,0.0625 s,2124.68 MB
create_drop,Pandas,covid_2020_2021_1800.csv,2,38.1787 s,,0.0526 s,38.2313 s,0.0625 s,2146.71 MB
create_drop,Pandas,covid_2020_2021_1800.csv,3,39.1666 s,,0.0488 s,39.2154 s,0.0469 s,2146.75 MB
create_drop,Pandas,covid_2020_2021_1800.csv,4,41.1097 s,,0.0419 s,41.1516 s,0.0469 s,2146.88 MB
create_drop,Pandas,covid_2020_2021_1800.csv,5,35.7131 s,,0.0418 s,35.7549 s,0.0469 s,2146.63 MB
create_drop,Pandas,Covid19Casos.csv,1,124.3687 s,,0.1526 s,124.5213 s,0.1406 s,5883.19 MB
create_drop,Pandas,Covid19Casos.csv,2,146.3234 s,,0.1426 s,146.466 s,0.125 s,5917.28 MB
create_drop,Pandas,Covid19Casos.csv,3,136.7764 s,,0.1574 s,136.9338 s,0.125 s,5918.18 MB
create_drop,Pandas,Covid19Casos.csv,4,146.3661 s,,0.2106 s,146.5767 s,0.1875 s,5916.99 MB
create_drop,Pandas,Covid19Casos.csv,5,152.9163 s,,0.1685 s,153.0848 s,0.125 s,5918.64 MB
create_drop,Spark,covid_2020_2021_200.csv,1,25.4058 s,12.0905 s,0.568 s,38.0643 s,0.0156 s,5925.27 MB
create_drop,Spark,covid_2020_2021_200.csv,2,16.496 s,12.0905 s,0.3334 s,28.9199 s,0.0 s,5925.27 MB
create_drop,Spark,covid_2020_2021_200.csv,3,18.7479 s,12.0905 s,0.58 s,31.4184 s,0.0 s,5926.11 MB
create_drop,Spark,covid_2020_2021_200.csv,4,20.1056 s,12.0905 s,0.4723 s,32.6684 s,0.0156 s,5925.08 MB
create_drop,Spark,covid_2020_2021_200.csv,5,25.4909 s,12.0905 s,0.3503 s,37.9317 s,0.0 s,5796.68 MB
create_drop,Spark,covid_2020_2021_600.csv,1,40.7344 s,12.0905 s,0.3072 s,53.1321 s,0.0156 s,5515.22 MB
create_drop,Spark,covid_2020_2021_600.csv,2,31.8648 s,12.0905 s,0.2956 s,44.2509 s,0.0 s,5515.22 MB
create_drop,Spark,covid_2020_2021_600.csv,3,31.316 s,12.0905 s,0.3256 s,43.7321 s,0.0156 s,5515.74 MB
create_drop,Spark,covid_2020_2021_600.csv,4,30.4215 s,12.0905 s,0.3018 s,42.8138 s,0.0 s,5515.74 MB
create_drop,Spark,covid_2020_2021_600.csv,5,33.8202 s,12.0905 s,0.2979 s,46.2086 s,0.0 s,5323.74 MB
create_drop,Spark,covid_2020_2021_1800.csv,1,86.5266 s,12.0905 s,0.3325 s,98.9496 s,0.0 s,4555.75 MB
create_drop,Spark,covid_2020_2021_1800.csv,2,78.3019 s,12.0905 s,0.3189 s,90.7113 s,0.0156 s,1823.6 MB
create_drop,Spark,covid_2020_2021_1800.csv,3,73.7615 s,12.0905 s,0.3102 s,86.1622 s,0.0 s,1823.61 MB
create_drop,Spark,covid_2020_2021_1800.csv,4,70.7255 s,12.0905 s,0.3722 s,83.1882 s,0.0 s,1823.61 MB
create_drop,Spark,covid_2020_2021_1800.csv,5,71.7614 s,12.0905 s,0.3607 s,84.2126 s,0.0 s,1823.61 MB
create_drop,Spark,Covid19Casos.csv,1,255.0052 s,12.0905 s,2.2664 s,269.3621 s,0.0 s,752.93 MB
create_drop,Spark,Covid19Casos.csv,2,250.1821 s,12.0905 s,2.0146 s,264.2872 s,0.0156 s,752.95 MB
create_drop,Spark,Covid19Casos.csv,3,252.445 s,12.0905 s,2.6889 s,267.2244 s,0.0156 s,752.96 MB
create_drop,Spark,Covid19Casos.csv,4,252.8404 s,12.0905 s,1.8707 s,266.8016 s,0.0156 s,401.91 MB
create_drop,Spark,Covid19Casos.csv,5,267.1385 s,12.0905 s,3.6272 s,282.8562 s,0.0 s,401.92 MB
filter,Pandas,covid_2020_2021_200.csv,1,4.8899 s,,1.4653 s,6.3552 s,1.4062 s,329.67 MB
filter,Pandas,covid_2020_2021_200.csv,2,5.5433 s,,1.3284 s,6.8717 s,1.3281 s,329.75 MB
filter,Pandas,covid_2020_2021_200.csv,3,4.8295 s,,1.4078 s,6.2373 s,1.4062 s,329.74 MB
filter,Pandas,covid_2020_2021_200.csv,4,5.5784 s,,1.3981 s,6.9765 s,1.375 s,329.73 MB
filter,Pandas,covid_2020_2021_200.csv,5,5.746 s,,1.6111 s,7.3571 s,1.5625 s,329.74 MB
filter,Pandas,covid_2020_2021_600.csv,1,16.18 s,,3.2591 s,19.4391 s,3.1094 s,888.63 MB
filter,Pandas,covid_2020_2021_600.csv,2,17.2606 s,,3.2593 s,20.5199 s,3.2031 s,889.87 MB
filter,Pandas,covid_2020_2021_600.csv,3,17.6268 s,,3.1123 s,20.7391 s,3.1094 s,889.88 MB
filter,Pandas,covid_2020_2021_600.csv,4,17.0399 s,,2.7376 s,19.7775 s,2.6875 s,887.5 MB
filter,Pandas,covid_2020_2021_600.csv,5,17.4778 s,,2.7052 s,20.183 s,2.6562 s,887.39 MB
filter,Pandas,covid_2020_2021_1800.csv,1,56.2392 s,,6.6002 s,62.8394 s,6.4219 s,2124.79 MB
filter,Pandas,covid_2020_2021_1800.csv,2,60.0808 s,,6.0781 s,66.1589 s,5.9219 s,2149.17 MB
filter,Pandas,covid_2020_2021_1800.csv,3,40.8557 s,,3.0855 s,43.9412 s,3.0469 s,2147.21 MB
filter,Pandas,covid_2020_2021_1800.csv,4,35.7258 s,,5.9538 s,41.6796 s,5.9062 s,2147.29 MB
filter,Pandas,covid_2020_2021_1800.csv,5,59.6044 s,,5.9793 s,65.5837 s,5.8438 s,2149.62 MB
filter,Pandas,Covid19Casos.csv,1,171.6399 s,,20.3594 s,191.9993 s,19.3125 s,5853.09 MB
filter,Pandas,Covid19Casos.csv,2,170.4818 s,,23.9316 s,194.4134 s,22.8125 s,5859.12 MB
filter,Pandas,Covid19Casos.csv,3,167.8538 s,,19.539 s,187.3928 s,18.8125 s,5854.74 MB
filter,Pandas,Covid19Casos.csv,4,167.8689 s,,18.8736 s,186.7425 s,18.3438 s,5869.66 MB
filter,Pandas,Covid19Casos.csv,5,168.7161 s,,27.5803 s,196.2964 s,25.9688 s,5864.83 MB
filter,Spark,covid_2020_2021_200.csv,1,20.1725 s,13.7664 s,1.5061 s,35.445 s,0.0312 s,5874.29 MB
filter,Spark,covid_2020_2021_200.csv,2,13.7051 s,13.7664 s,1.1251 s,28.5966 s,0.0469 s,5874.3 MB
filter,Spark,covid_2020_2021_200.csv,3,12.992 s,13.7664 s,0.8099 s,27.5683 s,0.0312 s,5874.33 MB
filter,Spark,covid_2020_2021_200.csv,4,12.7465 s,13.7664 s,0.9365 s,27.4494 s,0.0312 s,5874.34 MB
filter,Spark,covid_2020_2021_200.csv,5,12.8709 s,13.7664 s,0.7465 s,27.3838 s,0.0469 s,5874.34 MB
filter,Spark,covid_2020_2021_600.csv,1,31.0596 s,13.7664 s,0.8473 s,45.6733 s,0.0 s,5874.34 MB
filter,Spark,covid_2020_2021_600.csv,2,28.4291 s,13.7664 s,0.825 s,43.0205 s,0.0312 s,5874.91 MB
filter,Spark,covid_2020_2021_600.csv,3,28.2727 s,13.7664 s,0.9267 s,42.9658 s,0.0312 s,5874.91 MB
filter,Spark,covid_2020_2021_600.csv,4,30.4185 s,13.7664 s,0.9794 s,45.1643 s,0.0312 s,5874.92 MB
filter,Spark,covid_2020_2021_600.csv,5,29.3006 s,13.7664 s,0.8729 s,43.9399 s,0.0625 s,5875.23 MB
filter,Spark,covid_2020_2021_1800.csv,1,90.7981 s,13.7664 s,1.1024 s,105.6669 s,0.0469 s,4947.31 MB
filter,Spark,covid_2020_2021_1800.csv,2,73.5496 s,13.7664 s,1.3152 s,88.6312 s,0.0312 s,4563.32 MB
filter,Spark,covid_2020_2021_1800.csv,3,71.1533 s,13.7664 s,1.1823 s,86.102 s,0.0625 s,4435.33 MB
filter,Spark,covid_2020_2021_1800.csv,4,72.6129 s,13.7664 s,1.136 s,87.5153 s,0.0312 s,4179.33 MB
filter,Spark,covid_2020_2021_1800.csv,5,70.5375 s,13.7664 s,0.9177 s,85.2216 s,0.0156 s,4179.34 MB
filter,Spark,Covid19Casos.csv,1,250.176 s,13.7664 s,5.0101 s,268.9525 s,0.0312 s,930.84 MB
filter,Spark,Covid19Casos.csv,2,253.3611 s,13.7664 s,3.5986 s,270.7261 s,0.0469 s,930.84 MB
filter,Spark,Covid19Casos.csv,3,249.5907 s,13.7664 s,3.8603 s,267.2174 s,0.0312 s,930.84 MB
filter,Spark,Covid19Casos.csv,4,248.4304 s,13.7664 s,3.6871 s,265.8839 s,0.0312 s,930.84 MB
filter,Spark,Covid19Casos.csv,5,244.9303 s,13.7664 s,3.6375 s,262.3342 s,0.0156 s,930.84 MB
groupby,Pandas,covid_2020_2021_200.csv,1,3.3224 s,,0.8149 s,4.1373 s,0.8125 s,328.06 MB
groupby,Pandas,covid_2020_2021_200.csv,2,2.8788 s,,0.9753 s,3.8541 s,0.9844 s,328.39 MB
groupby,Pandas,covid_2020_2021_200.csv,3,2.8309 s,,0.8153 s,3.6462 s,0.8125 s,328.39 MB
groupby,Pandas,covid_2020_2021_200.csv,4,3.0202 s,,0.8318 s,3.852 s,0.8281 s,352.18 MB
groupby,Pandas,covid_2020_2021_200.csv,5,3.7116 s,,1.0684 s,4.78 s,1.0625 s,328.4 MB
groupby,Pandas,covid_2020_2021_600.csv,1,11.1219 s,,1.0339 s,12.1558 s,1.0156 s,886.26 MB
groupby,Pandas,covid_2020_2021_600.csv,2,11.3156 s,,1.0542 s,12.3698 s,1.0312 s,887.53 MB
groupby,Pandas,covid_2020_2021_600.csv,3,11.3601 s,,1.0134 s,12.3735 s,1.0156 s,887.54 MB
groupby,Pandas,covid_2020_2021_600.csv,4,11.2489 s,,1.0582 s,12.3071 s,1.0469 s,887.55 MB
groupby,Pandas,covid_2020_2021_600.csv,5,10.8728 s,,0.9915 s,11.8643 s,0.9844 s,887.57 MB
groupby,Pandas,covid_2020_2021_1800.csv,1,37.5953 s,,1.0747 s,38.67 s,1.0781 s,2125.08 MB
groupby,Pandas,covid_2020_2021_1800.csv,2,38.374 s,,1.0749 s,39.4489 s,1.0625 s,2147.25 MB
groupby,Pandas,covid_2020_2021_1800.csv,3,38.686 s,,1.0386 s,39.7246 s,1.0312 s,2147.05 MB
groupby,Pandas,covid_2020_2021_1800.csv,4,36.9299 s,,1.0964 s,38.0263 s,1.0781 s,2147.31 MB
groupby,Pandas,covid_2020_2021_1800.csv,5,37.5949 s,,0.9151 s,38.51 s,0.8906 s,2147.2 MB
groupby,Pandas,Covid19Casos.csv,1,116.3094 s,,3.3746 s,119.684 s,3.2656 s,5883.86 MB
groupby,Pandas,Covid19Casos.csv,2,127.8373 s,,3.3145 s,131.1518 s,3.2656 s,5921.07 MB
groupby,Pandas,Covid19Casos.csv,3,121.5641 s,,2.5831 s,124.1472 s,2.5156 s,5922.14 MB
groupby,Pandas,Covid19Casos.csv,4,132.1439 s,,2.9498 s,135.0937 s,2.8594 s,5919.73 MB
groupby,Pandas,Covid19Casos.csv,5,121.4165 s,,3.0528 s,124.4693 s,2.9844 s,5922.09 MB
groupby,Spark,covid_2020_2021_200.csv,1,24.3788 s,7.826 s,2.9077 s,35.1125 s,0.1094 s,5932.18 MB
groupby,Spark,covid_2020_2021_200.csv,2,14.4119 s,7.826 s,1.7756 s,24.0135 s,0.0312 s,5931.79 MB
groupby,Spark,covid_2020_2021_200.csv,3,14.1338 s,7.826 s,1.3397 s,23.2995 s,0.0469 s,5931.8 MB
groupby,Spark,covid_2020_2021_200.csv,4,12.9834 s,7.826 s,1.5235 s,22.3329 s,0.0469 s,5931.81 MB
groupby,Spark,covid_2020_2021_200.csv,5,13.3947 s,7.826 s,1.3691 s,22.5898 s,0.0312 s,5931.91 MB
groupby,Spark,covid_2020_2021_600.csv,1,30.0399 s,7.826 s,1.4235 s,39.2894 s,0.0156 s,5931.91 MB
groupby,Spark,covid_2020_2021_600.csv,2,27.361 s,7.826 s,1.2713 s,36.4583 s,0.0312 s,5931.91 MB
groupby,Spark,covid_2020_2021_600.csv,3,30.0627 s,7.826 s,1.3439 s,39.2326 s,0.0469 s,5931.87 MB
groupby,Spark,covid_2020_2021_600.csv,4,28.429 s,7.826 s,1.3363 s,37.5913 s,0.0312 s,5931.75 MB
groupby,Spark,covid_2020_2021_600.csv,5,33.3837 s,7.826 s,1.4675 s,42.6772 s,0.0469 s,5931.76 MB
groupby,Spark,covid_2020_2021_1800.csv,1,71.1318 s,7.826 s,2.249 s,81.2068 s,0.0312 s,5931.77 MB
groupby,Spark,covid_2020_2021_1800.csv,2,75.3454 s,7.826 s,2.8247 s,85.9961 s,0.0469 s,5907.96 MB
groupby,Spark,covid_2020_2021_1800.csv,3,83.5983 s,7.826 s,2.5609 s,93.9852 s,0.0 s,4736.68 MB
groupby,Spark,covid_2020_2021_1800.csv,4,74.1255 s,7.826 s,2.1088 s,84.0603 s,0.0312 s,4511.46 MB
groupby,Spark,covid_2020_2021_1800.csv,5,63.4102 s,7.826 s,2.2818 s,73.518 s,0.0312 s,4511.68 MB
groupby,Spark,Covid19Casos.csv,1,234.9126 s,7.826 s,8.8157 s,251.5543 s,0.0312 s,2458.04 MB
groupby,Spark,Covid19Casos.csv,2,238.2688 s,7.826 s,7.99 s,254.0848 s,0.0312 s,1670.85 MB
groupby,Spark,Covid19Casos.csv,3,231.8803 s,7.826 s,9.0764 s,248.7827 s,0.0156 s,1670.91 MB
groupby,Spark,Covid19Casos.csv,4,227.6766 s,7.826 s,8.1139 s,243.6165 s,0.0156 s,991.47 MB
groupby,Spark,Covid19Casos.csv,5,244.2866 s,7.826 s,9.1879 s,261.3005 s,0.0312 s,884.54 MB
insert_drop_row,Pandas,covid_2020_2021_200.csv,1,4.998 s,,0.9209 s,5.9189 s,0.9219 s,408.85 MB
insert_drop_row,Pandas,covid_2020_2021_200.csv,2,4.2587 s,,1.3057 s,5.5644 s,1.2812 s,408.81 MB
insert_drop_row,Pandas,covid_2020_2021_200.csv,3,3.9177 s,,0.933 s,4.8507 s,0.9219 s,408.86 MB
insert_drop_row,Pandas,covid_2020_2021_200.csv,4,5.3279 s,,1.8575 s,7.1854 s,1.7031 s,408.79 MB
insert_drop_row,Pandas,covid_2020_2021_200.csv,5,7.2097 s,,1.7293 s,8.939 s,1.5156 s,408.86 MB
insert_drop_row,Pandas,covid_2020_2021_600.csv,1,19.5339 s,,1.7222 s,21.2561 s,1.7031 s,967.12 MB
insert_drop_row,Pandas,covid_2020_2021_600.csv,2,19.1186 s,,1.724 s,20.8426 s,1.7031 s,968.13 MB
insert_drop_row,Pandas,covid_2020_2021_600.csv,3,18.8242 s,,1.6335 s,20.4577 s,1.6094 s,968.2 MB
insert_drop_row,Pandas,covid_2020_2021_600.csv,4,18.6424 s,,1.5396 s,20.182 s,1.5 s,968.13 MB
insert_drop_row,Pandas,covid_2020_2021_600.csv,5,19.0465 s,,1.656 s,20.7025 s,1.5 s,968.09 MB
insert_drop_row,Pandas,covid_2020_2021_1800.csv,1,54.8137 s,,1.4449 s,56.2586 s,1.4375 s,2205.66 MB
insert_drop_row,Pandas,covid_2020_2021_1800.csv,2,59.495 s,,1.3866 s,60.8816 s,1.375 s,2228.46 MB
insert_drop_row,Pandas,covid_2020_2021_1800.csv,3,58.0337 s,,1.3534 s,59.3871 s,1.3438 s,2228.97 MB
insert_drop_row,Pandas,covid_2020_2021_1800.csv,4,58.7267 s,,1.3887 s,60.1154 s,1.3906 s,2216.82 MB
insert_drop_row,Pandas,covid_2020_2021_1800.csv,5,59.8394 s,,1.4253 s,61.2647 s,1.4062 s,2216.79 MB
insert_drop_row,Pandas,Covid19Casos.csv,1,169.7838 s,,4.4689 s,174.2527 s,4.4219 s,6112.29 MB
insert_drop_row,Pandas,Covid19Casos.csv,2,173.2414 s,,4.7205 s,177.9619 s,4.6875 s,6148.08 MB
insert_drop_row,Pandas,Covid19Casos.csv,3,172.9828 s,,4.8397 s,177.8225 s,4.8125 s,6149.62 MB
insert_drop_row,Pandas,Covid19Casos.csv,4,167.2885 s,,5.0153 s,172.3038 s,4.8438 s,6149.8 MB
insert_drop_row,Pandas,Covid19Casos.csv,5,171.5324 s,,4.9379 s,176.4703 s,4.5312 s,6149.68 MB
insert_drop_row,Spark,covid_2020_2021_200.csv,1,19.3267 s,13.1199 s,20.0677 s,52.5143 s,0.0625 s,6158.97 MB
insert_drop_row,Spark,covid_2020_2021_200.csv,2,11.0052 s,13.1199 s,17.9958 s,42.1209 s,0.0312 s,6158.99 MB
insert_drop_row,Spark,covid_2020_2021_200.csv,3,10.7999 s,13.1199 s,17.8729 s,41.7927 s,0.0625 s,6159.01 MB
insert_drop_row,Spark,covid_2020_2021_200.csv,4,10.4441 s,13.1199 s,17.7225 s,41.2865 s,0.0469 s,6159.02 MB
insert_drop_row,Spark,covid_2020_2021_200.csv,5,10.2988 s,13.1199 s,22.1353 s,45.554 s,0.0156 s,6159.02 MB
insert_drop_row,Spark,covid_2020_2021_600.csv,1,32.9573 s,13.1199 s,18.0933 s,64.1705 s,0.0469 s,6090.04 MB
insert_drop_row,Spark,covid_2020_2021_600.csv,2,22.7225 s,13.1199 s,18.1311 s,53.9735 s,0.0156 s,5897.54 MB
insert_drop_row,Spark,covid_2020_2021_600.csv,3,27.4605 s,13.1199 s,20.3118 s,60.8922 s,0.0156 s,5691.7 MB
insert_drop_row,Spark,covid_2020_2021_600.csv,4,28.5618 s,13.1199 s,18.809 s,60.4907 s,0.0625 s,5563.72 MB
insert_drop_row,Spark,covid_2020_2021_600.csv,5,27.4378 s,13.1199 s,21.3359 s,61.8936 s,0.0781 s,5321.85 MB
insert_drop_row,Spark,covid_2020_2021_1800.csv,1,81.5929 s,13.1199 s,21.8711 s,116.5839 s,0.0312 s,4370.82 MB
insert_drop_row,Spark,covid_2020_2021_1800.csv,2,84.4119 s,13.1199 s,20.1331 s,117.6649 s,0.0312 s,3730.83 MB
insert_drop_row,Spark,covid_2020_2021_1800.csv,3,69.1588 s,13.1199 s,21.6199 s,103.8986 s,0.0938 s,3603.04 MB
insert_drop_row,Spark,covid_2020_2021_1800.csv,4,74.5761 s,13.1199 s,20.1135 s,107.8095 s,0.0469 s,936.95 MB
insert_drop_row,Spark,covid_2020_2021_1800.csv,5,69.7125 s,13.1199 s,19.4384 s,102.2708 s,0.0312 s,936.96 MB
insert_drop_row,Spark,Covid19Casos.csv,1,253.955 s,13.1199 s,23.7428 s,290.8177 s,0.0469 s,145.94 MB
insert_drop_row,Spark,Covid19Casos.csv,2,252.2243 s,13.1199 s,23.2267 s,288.5709 s,0.0625 s,98.27 MB
insert_drop_row,Spark,Covid19Casos.csv,3,250.388 s,13.1199 s,24.3067 s,287.8146 s,0.0625 s,98.34 MB
insert_drop_row,Spark,Covid19Casos.csv,4,251.4566 s,13.1199 s,26.4138 s,290.9903 s,0.0469 s,98.37 MB
insert_drop_row,Spark,Covid19Casos.csv,5,251.3533 s,13.1199 s,23.641 s,288.1142 s,0.0469 s,98.42 MB
join,Pandas,covid_2020_2021_200.csv,1,11.7117 s,,8.1952 s,19.9069 s,5.3438 s,329.06 MB
join,Pandas,covid_2020_2021_200.csv,2,12.8166 s,,8.3 s,21.1166 s,5.2812 s,329.07 MB
join,Pandas,covid_2020_2021_200.csv,3,13.1905 s,,8.4171 s,21.6076 s,5.0 s,329.07 MB
join,Pandas,covid_2020_2021_200.csv,4,17.3327 s,,8.2013 s,25.534 s,5.1719 s,329.07 MB
join,Pandas,covid_2020_2021_200.csv,5,11.3581 s,,6.3957 s,17.7538 s,4.375 s,328.89 MB
join,Pandas,covid_2020_2021_600.csv,1,38.8165 s,,7.1253 s,45.9418 s,5.6094 s,870.64 MB
join,Pandas,covid_2020_2021_600.csv,2,35.0804 s,,7.8036 s,42.884 s,5.2656 s,870.66 MB
join,Pandas,covid_2020_2021_600.csv,3,33.0124 s,,7.4496 s,40.462 s,4.7031 s,870.54 MB
join,Pandas,covid_2020_2021_600.csv,4,32.4943 s,,11.1295 s,43.6238 s,5.5625 s,862.82 MB
join,Pandas,covid_2020_2021_600.csv,5,44.306 s,,8.4781 s,52.7841 s,5.9844 s,863.34 MB
join,Pandas,covid_2020_2021_1800.csv,1,140.3815 s,,5.546 s,145.9275 s,4.1719 s,2093.77 MB
join,Pandas,covid_2020_2021_1800.csv,2,82.6852 s,,4.1796 s,86.8648 s,4.0312 s,2093.96 MB
join,Pandas,covid_2020_2021_1800.csv,3,63.901 s,,4.0104 s,67.9114 s,3.875 s,2093.98 MB
join,Pandas,covid_2020_2021_1800.csv,4,55.4631 s,,3.7414 s,59.2045 s,3.7031 s,2093.98 MB
join,Pandas,covid_2020_2021_1800.csv,5,56.4123 s,,3.822 s,60.2343 s,3.7188 s,2094.0 MB
join,Pandas,Covid19Casos.csv,1,159.5052 s,,13.885 s,173.3902 s,13.5 s,4087.29 MB
join,Pandas,Covid19Casos.csv,2,157.0828 s,,13.5586 s,170.6414 s,13.4062 s,2493.39 MB
join,Pandas,Covid19Casos.csv,3,151.9237 s,,15.1501 s,167.0738 s,14.625 s,1832.22 MB
join,Pandas,Covid19Casos.csv,4,156.903 s,,14.1028 s,171.0058 s,13.7969 s,2318.69 MB
join,Pandas,Covid19Casos.csv,5,160.0038 s,,13.5256 s,173.5294 s,13.2969 s,3863.99 MB
join,Spark,covid_2020_2021_200.csv,1,20.3557 s,30.3347 s,15.4061 s,66.0965 s,0.0156 s,147.88 MB
join,Spark,covid_2020_2021_200.csv,2,12.3544 s,30.3347 s,11.3239 s,54.013 s,0.0 s,147.88 MB
join,Spark,covid_2020_2021_200.csv,3,11.1031 s,30.3347 s,10.2698 s,51.7076 s,0.0156 s,147.89 MB
join,Spark,covid_2020_2021_200.csv,4,19.4802 s,12.2497 s,18.8484 s,50.5783 s,0.0625 s,1408.44 MB
join,Spark,covid_2020_2021_200.csv,5,21.789 s,12.2497 s,16.3497 s,50.3884 s,0.0156 s,1408.45 MB
join,Spark,covid_2020_2021_600.csv,1,29.1512 s,8.1141 s,16.5859 s,53.8512 s,0.0 s,88.02 MB
join,Spark,covid_2020_2021_600.csv,2,23.0672 s,8.1141 s,12.4016 s,43.5829 s,0.0 s,88.03 MB
join,Spark,covid_2020_2021_600.csv,3,24.0445 s,8.1141 s,11.0223 s,43.1809 s,0.0 s,88.03 MB
join,Spark,covid_2020_2021_600.csv,4,24.0615 s,8.1141 s,11.1769 s,43.3525 s,0.0156 s,88.04 MB
join,Spark,covid_2020_2021_600.csv,5,24.2507 s,8.1141 s,11.7643 s,44.1291 s,0.0156 s,88.04 MB
join,Spark,covid_2020_2021_1800.csv,1,66.0995 s,8.1141 s,23.868 s,98.0816 s,0.0 s,87.05 MB
join,Spark,covid_2020_2021_1800.csv,2,90.0477 s,8.1141 s,20.8483 s,119.0101 s,0.0 s,87.41 MB
join,Spark,covid_2020_2021_1800.csv,3,85.8388 s,8.1141 s,24.7908 s,118.7437 s,0.0156 s,80.1 MB
join,Spark,covid_2020_2021_1800.csv,4,94.866 s,8.1141 s,21.402 s,124.3821 s,0.0312 s,80.22 MB
join,Spark,covid_2020_2021_1800.csv,5,85.0334 s,8.1141 s,21.2475 s,114.395 s,0.0 s,80.11 MB
join,Spark,Covid19Casos.csv,1,285.5532 s,8.1141 s,120.5145 s,414.1818 s,0.0625 s,46.91 MB
join,Spark,Covid19Casos.csv,2,357.6043 s,8.1141 s,95.0319 s,460.7503 s,0.0156 s,58.46 MB
join,Spark,Covid19Casos.csv,3,417.0993 s,8.1141 s,132.5128 s,557.7262 s,0.0312 s,58.01 MB
join,Spark,Covid19Casos.csv,4,235.2698 s,8.1141 s,42.3106 s,285.6945 s,0.0156 s,58.02 MB
join,Spark,Covid19Casos.csv,5,208.369 s,8.1141 s,47.3322 s,263.8153 s,0.0156 s,58.0 MB
orderby,Pandas,covid_2020_2021_200.csv,1,5.2536 s,,2.1223 s,7.3759 s,1.9688 s,327.03 MB
orderby,Pandas,covid_2020_2021_200.csv,2,5.624 s,,1.9766 s,7.6006 s,1.9375 s,327.11 MB
orderby,Pandas,covid_2020_2021_200.csv,3,5.5523 s,,2.0024 s,7.5547 s,1.9531 s,327.09 MB
orderby,Pandas,covid_2020_2021_200.csv,4,5.4012 s,,1.9902 s,7.3914 s,1.9688 s,327.09 MB
orderby,Pandas,covid_2020_2021_200.csv,5,5.5016 s,,1.8783 s,7.3799 s,1.8281 s,327.09 MB
orderby,Pandas,covid_2020_2021_600.csv,1,16.2095 s,,4.8553 s,21.0648 s,4.7969 s,885.97 MB
orderby,Pandas,covid_2020_2021_600.csv,2,17.2959 s,,4.8435 s,22.1394 s,4.7344 s,887.23 MB
orderby,Pandas,covid_2020_2021_600.csv,3,16.952 s,,4.799 s,21.751 s,4.7344 s,887.25 MB
orderby,Pandas,covid_2020_2021_600.csv,4,16.7827 s,,4.8097 s,21.5924 s,4.7656 s,887.13 MB
orderby,Pandas,covid_2020_2021_600.csv,5,16.8436 s,,4.6339 s,21.4775 s,4.5781 s,887.25 MB
orderby,Pandas,covid_2020_2021_1800.csv,1,56.3749 s,,10.5228 s,66.8977 s,10.3906 s,2124.8 MB
orderby,Pandas,covid_2020_2021_1800.csv,2,57.5318 s,,11.3317 s,68.8635 s,11.1562 s,2146.84 MB
orderby,Pandas,covid_2020_2021_1800.csv,3,57.1929 s,,10.5726 s,67.7655 s,10.375 s,2147.37 MB
orderby,Pandas,covid_2020_2021_1800.csv,4,57.1221 s,,10.6211 s,67.7432 s,10.2812 s,2147.35 MB
orderby,Pandas,covid_2020_2021_1800.csv,5,56.5853 s,,10.5169 s,67.1022 s,10.3281 s,2147.16 MB
orderby,Pandas,Covid19Casos.csv,1,165.1113 s,,46.3829 s,211.4942 s,43.2656 s,3059.12 MB
orderby,Pandas,Covid19Casos.csv,2,168.373 s,,41.5554 s,209.9284 s,39.2812 s,4233.79 MB
orderby,Pandas,Covid19Casos.csv,3,168.6673 s,,34.3261 s,202.9934 s,33.8438 s,4554.63 MB
orderby,Pandas,Covid19Casos.csv,4,168.0515 s,,40.5433 s,208.5948 s,38.2656 s,3900.64 MB
orderby,Pandas,Covid19Casos.csv,5,169.2372 s,,39.4684 s,208.7056 s,37.9844 s,3587.72 MB
orderby,Spark,covid_2020_2021_200.csv,1,18.2105 s,12.6733 s,0.4288 s,31.3126 s,0.0 s,3597.59 MB
orderby,Spark,covid_2020_2021_200.csv,2,9.7625 s,12.6733 s,0.3168 s,22.7526 s,0.0 s,3597.62 MB
orderby,Spark,covid_2020_2021_200.csv,3,9.3212 s,12.6733 s,0.2918 s,22.2863 s,0.0 s,3597.62 MB
orderby,Spark,covid_2020_2021_200.csv,4,9.2657 s,12.6733 s,0.2607 s,22.1997 s,0.0156 s,3597.63 MB
orderby,Spark,covid_2020_2021_200.csv,5,9.4953 s,12.6733 s,0.2193 s,22.3879 s,0.0156 s,3597.63 MB
orderby,Spark,covid_2020_2021_600.csv,1,20.7833 s,12.6733 s,0.2457 s,33.7023 s,0.0156 s,3597.63 MB
orderby,Spark,covid_2020_2021_600.csv,2,20.9742 s,12.6733 s,0.2163 s,33.8638 s,0.0156 s,3597.65 MB
orderby,Spark,covid_2020_2021_600.csv,3,20.6638 s,12.6733 s,0.2665 s,33.6036 s,0.0 s,3597.65 MB
orderby,Spark,covid_2020_2021_600.csv,4,21.0413 s,12.6733 s,0.2368 s,33.9514 s,0.0156 s,3597.65 MB
orderby,Spark,covid_2020_2021_600.csv,5,20.34 s,12.6733 s,0.2416 s,33.2549 s,0.0156 s,3597.65 MB
orderby,Spark,covid_2020_2021_1800.csv,1,50.8389 s,12.6733 s,0.3207 s,63.8329 s,0.0156 s,3597.75 MB
orderby,Spark,covid_2020_2021_1800.csv,2,50.0189 s,12.6733 s,0.3475 s,63.0397 s,0.0156 s,3598.29 MB
orderby,Spark,covid_2020_2021_1800.csv,3,51.6893 s,12.6733 s,0.3772 s,64.7398 s,0.0 s,3598.3 MB
orderby,Spark,covid_2020_2021_1800.csv,4,54.1733 s,12.6733 s,0.346 s,67.1926 s,0.0156 s,3598.3 MB
orderby,Spark,covid_2020_2021_1800.csv,5,56.0889 s,12.6733 s,0.3922 s,69.1544 s,0.0312 s,3598.31 MB
orderby,Spark,Covid19Casos.csv,1,216.4824 s,12.6733 s,1.5302 s,230.6859 s,0.0 s,3598.32 MB
orderby,Spark,Covid19Casos.csv,2,232.4821 s,12.6733 s,1.3869 s,246.5423 s,0.0156 s,3598.32 MB
orderby,Spark,Covid19Casos.csv,3,233.6604 s,12.6733 s,1.3918 s,247.7255 s,0.0 s,3598.32 MB
orderby,Spark,Covid19Casos.csv,4,227.4639 s,12.6733 s,1.35 s,241.4872 s,0.0 s,3598.31 MB
orderby,Spark,Covid19Casos.csv,5,236.3082 s,12.6733 s,1.5033 s,250.4848 s,0.0156 s,3598.32 MB
rename_drop,Pandas,covid_2020_2021_200.csv,1,5.2532 s,,0.0237 s,5.2769 s,0.0 s,326.93 MB
rename_drop,Pandas,covid_2020_2021_200.csv,2,5.4722 s,,0.0026 s,5.4748 s,0.0 s,330.93 MB
rename_drop,Pandas,covid_2020_2021_200.csv,3,5.6723 s,,0.002 s,5.6743 s,0.0 s,326.99 MB
rename_drop,Pandas,covid_2020_2021_200.csv,4,5.594 s,,0.0021 s,5.5961 s,0.0 s,330.48 MB
rename_drop,Pandas,covid_2020_2021_200.csv,5,5.3681 s,,0.001 s,5.3691 s,0.0 s,331.54 MB
rename_drop,Pandas,covid_2020_2021_600.csv,1,16.3492 s,,0.0029 s,16.3521 s,0.0 s,885.87 MB
rename_drop,Pandas,covid_2020_2021_600.csv,2,16.6928 s,,0.0011 s,16.6939 s,0.0156 s,887.1 MB
rename_drop,Pandas,covid_2020_2021_600.csv,3,17.1571 s,,0.0023 s,17.1594 s,0.0 s,887.13 MB
rename_drop,Pandas,covid_2020_2021_600.csv,4,17.2233 s,,0.002 s,17.2253 s,0.0 s,887.14 MB
rename_drop,Pandas,covid_2020_2021_600.csv,5,17.1991 s,,0.0021 s,17.2012 s,0.0 s,886.99 MB
rename_drop,Pandas,covid_2020_2021_1800.csv,1,56.5776 s,,0.002 s,56.5796 s,0.0 s,2124.65 MB
rename_drop,Pandas,covid_2020_2021_1800.csv,2,56.5765 s,,0.0009 s,56.5774 s,0.0 s,2146.83 MB
rename_drop,Pandas,covid_2020_2021_1800.csv,3,56.4156 s,,0.001 s,56.4166 s,0.0 s,2146.6 MB
rename_drop,Pandas,covid_2020_2021_1800.csv,4,57.4897 s,,0.001 s,57.4907 s,0.0 s,2147.55 MB
rename_drop,Pandas,covid_2020_2021_1800.csv,5,58.2064 s,,0.001 s,58.2074 s,0.0 s,2147.17 MB
rename_drop,Pandas,Covid19Casos.csv,1,167.0632 s,,0.0071 s,167.0703 s,0.0156 s,5917.51 MB
rename_drop,Pandas,Covid19Casos.csv,2,169.0197 s,,0.002 s,169.0217 s,0.0 s,5917.35 MB
rename_drop,Pandas,Covid19Casos.csv,3,171.1278 s,,0.002 s,171.1298 s,0.0 s,5918.96 MB
rename_drop,Pandas,Covid19Casos.csv,4,174.8037 s,,0.0224 s,174.8261 s,0.0 s,5916.28 MB
rename_drop,Pandas,Covid19Casos.csv,5,172.7908 s,,0.0818 s,172.8726 s,0.0312 s,5917.94 MB
rename_drop,Spark,covid_2020_2021_200.csv,1,17.587 s,13.3446 s,0.4006 s,31.3322 s,0.0 s,5924.91 MB
rename_drop,Spark,covid_2020_2021_200.csv,2,9.6023 s,13.3446 s,0.2656 s,23.2125 s,0.0 s,5924.91 MB
rename_drop,Spark,covid_2020_2021_200.csv,3,9.3356 s,13.3446 s,0.2548 s,22.935 s,0.0 s,5924.91 MB
rename_drop,Spark,covid_2020_2021_200.csv,4,9.1631 s,13.3446 s,0.2486 s,22.7563 s,0.0 s,5924.92 MB
rename_drop,Spark,covid_2020_2021_200.csv,5,9.6218 s,13.3446 s,0.2202 s,23.1866 s,0.0 s,5924.92 MB
rename_drop,Spark,covid_2020_2021_600.csv,1,21.2574 s,13.3446 s,0.2668 s,34.8688 s,0.0 s,5924.92 MB
rename_drop,Spark,covid_2020_2021_600.csv,2,21.4841 s,13.3446 s,0.2261 s,35.0548 s,0.0156 s,5924.92 MB
rename_drop,Spark,covid_2020_2021_600.csv,3,20.7789 s,13.3446 s,0.2539 s,34.3774 s,0.0 s,5924.91 MB
rename_drop,Spark,covid_2020_2021_600.csv,4,21.1324 s,13.3446 s,0.2652 s,34.7422 s,0.0 s,5924.85 MB
rename_drop,Spark,covid_2020_2021_600.csv,5,20.7251 s,13.3446 s,0.212 s,34.2817 s,0.0 s,5924.85 MB
rename_drop,Spark,covid_2020_2021_1800.csv,1,50.2906 s,13.3446 s,0.3965 s,64.0317 s,0.0156 s,5924.86 MB
rename_drop,Spark,covid_2020_2021_1800.csv,2,51.3376 s,13.3446 s,0.3847 s,65.0669 s,0.0156 s,5924.87 MB
rename_drop,Spark,covid_2020_2021_1800.csv,3,51.3452 s,13.3446 s,0.3499 s,65.0397 s,0.0 s,5924.87 MB
rename_drop,Spark,covid_2020_2021_1800.csv,4,60.3732 s,13.3446 s,0.4758 s,74.1936 s,0.0 s,5924.87 MB
rename_drop,Spark,covid_2020_2021_1800.csv,5,71.8722 s,13.3446 s,0.3585 s,85.5753 s,0.0 s,5924.87 MB
rename_drop,Spark,Covid19Casos.csv,1,219.8494 s,13.3446 s,1.478 s,234.672 s,0.0312 s,5924.78 MB
rename_drop,Spark,Covid19Casos.csv,2,238.4543 s,13.3446 s,1.3751 s,253.174 s,0.0 s,5924.77 MB
rename_drop,Spark,Covid19Casos.csv,3,238.0381 s,13.3446 s,1.3667 s,252.7494 s,0.0 s,5924.77 MB
rename_drop,Spark,Covid19Casos.csv,4,243.1264 s,13.3446 s,1.3623 s,257.8333 s,0.0156 s,5924.77 MB
rename_drop,Spark,Covid19Casos.csv,5,239.7885 s,13.3446 s,1.3685 s,254.5016 s,0.0 s,5924.77 MB
select_columns,Pandas,covid_2020_2021_200.csv,1,5.0172 s,,0.0219 s,5.0391 s,0.0 s,331.53 MB
select_columns,Pandas,covid_2020_2021_200.csv,2,5.3193 s,,0.0177 s,5.337 s,0.0 s,327.27 MB
select_columns,Pandas,covid_2020_2021_200.csv,3,5.4864 s,,0.002 s,5.4884 s,0.0 s,331.26 MB
select_columns,Pandas,covid_2020_2021_200.csv,4,5.5 s,,0.001 s,5.501 s,0.0 s,331.61 MB
select_columns,Pandas,covid_2020_2021_200.csv,5,5.3776 s,,0.001 s,5.3786 s,0.0 s,327.25 MB
select_columns,Pandas,covid_2020_2021_600.csv,1,15.9834 s,,0.001 s,15.9844 s,0.0 s,886.12 MB
select_columns,Pandas,covid_2020_2021_600.csv,2,16.7893 s,,0.0011 s,16.7904 s,0.0156 s,887.42 MB
select_columns,Pandas,covid_2020_2021_600.csv,3,17.1174 s,,0.001 s,17.1184 s,0.0 s,887.27 MB
select_columns,Pandas,covid_2020_2021_600.csv,4,16.2727 s,,0.001 s,16.2737 s,0.0 s,887.28 MB
select_columns,Pandas,covid_2020_2021_600.csv,5,16.7129 s,,0.001 s,16.7139 s,0.0 s,887.28 MB
select_columns,Pandas,covid_2020_2021_1800.csv,1,55.2956 s,,0.002 s,55.2976 s,0.0 s,2124.92 MB
select_columns,Pandas,covid_2020_2021_1800.csv,2,56.38 s,,0.0024 s,56.3824 s,0.0 s,2147.04 MB
select_columns,Pandas,covid_2020_2021_1800.csv,3,57.7138 s,,0.001 s,57.7148 s,0.0 s,2146.82 MB
select_columns,Pandas,covid_2020_2021_1800.csv,4,56.2616 s,,0.0 s,56.2616 s,0.0 s,2147.25 MB
select_columns,Pandas,covid_2020_2021_1800.csv,5,57.6908 s,,0.0009 s,57.6917 s,0.0 s,2147.3 MB
select_columns,Pandas,Covid19Casos.csv,1,168.196 s,,0.001 s,168.197 s,0.0 s,5881.15 MB
select_columns,Pandas,Covid19Casos.csv,2,171.8486 s,,0.0854 s,171.934 s,0.0156 s,5917.4 MB
select_columns,Pandas,Covid19Casos.csv,3,172.5747 s,,0.0209 s,172.5956 s,0.0 s,5918.61 MB
select_columns,Pandas,Covid19Casos.csv,4,172.6594 s,,0.0525 s,172.7119 s,0.0156 s,5916.18 MB
select_columns,Pandas,Covid19Casos.csv,5,169.137 s,,0.018 s,169.155 s,0.0 s,5916.87 MB
select_columns,Spark,covid_2020_2021_200.csv,1,18.5418 s,12.1032 s,0.3865 s,31.0315 s,0.0156 s,5924.05 MB
select_columns,Spark,covid_2020_2021_200.csv,2,9.5186 s,12.1032 s,0.2956 s,21.9174 s,0.0 s,5924.07 MB
select_columns,Spark,covid_2020_2021_200.csv,3,9.1287 s,12.1032 s,0.279 s,21.5109 s,0.0 s,5924.07 MB
select_columns,Spark,covid_2020_2021_200.csv,4,9.343 s,12.1032 s,0.2329 s,21.6791 s,0.0 s,5924.07 MB
select_columns,Spark,covid_2020_2021_200.csv,5,9.6391 s,12.1032 s,0.2294 s,21.9717 s,0.0 s,5924.07 MB
select_columns,Spark,covid_2020_2021_600.csv,1,21.2643 s,12.1032 s,0.2312 s,33.5987 s,0.0 s,5924.07 MB
select_columns,Spark,covid_2020_2021_600.csv,2,20.3104 s,12.1032 s,0.2494 s,32.663 s,0.0 s,5924.07 MB
select_columns,Spark,covid_2020_2021_600.csv,3,20.225 s,12.1032 s,0.2425 s,32.5707 s,0.0 s,5924.07 MB
select_columns,Spark,covid_2020_2021_600.csv,4,20.3376 s,12.1032 s,0.2261 s,32.6669 s,0.0 s,5924.07 MB
select_columns,Spark,covid_2020_2021_600.csv,5,20.2465 s,12.1032 s,0.2032 s,32.5529 s,0.0 s,5924.07 MB
select_columns,Spark,covid_2020_2021_1800.csv,1,51.34 s,12.1032 s,0.3387 s,63.7819 s,0.0 s,5924.14 MB
select_columns,Spark,covid_2020_2021_1800.csv,2,52.7034 s,12.1032 s,0.3202 s,65.1268 s,0.0 s,5924.14 MB
select_columns,Spark,covid_2020_2021_1800.csv,3,55.772 s,12.1032 s,0.3195 s,68.1947 s,0.0 s,5924.14 MB
select_columns,Spark,covid_2020_2021_1800.csv,4,60.202 s,12.1032 s,0.3648 s,72.67 s,0.0 s,5924.11 MB
select_columns,Spark,covid_2020_2021_1800.csv,5,60.325 s,12.1032 s,0.3601 s,72.7883 s,0.0 s,5924.11 MB
select_columns,Spark,Covid19Casos.csv,1,213.4696 s,12.1032 s,1.456 s,227.0288 s,0.0 s,5924.11 MB
select_columns,Spark,Covid19Casos.csv,2,233.3286 s,12.1032 s,1.7731 s,247.2049 s,0.0 s,5924.11 MB
select_columns,Spark,Covid19Casos.csv,3,240.8241 s,12.1032 s,1.8399 s,254.7672 s,0.0 s,5924.1 MB
select_columns,Spark,Covid19Casos.csv,4,235.4162 s,12.1032 s,1.3964 s,248.9158 s,0.0 s,5751.55 MB
select_columns,Spark,Covid19Casos.csv,5,235.1537 s,12.1032 s,1.3796 s,248.6365 s,0.0 s,4390.95 MB
